latitude,longitude,brightness,scan,track,acq_date,acq_time,satellite,instrument,confidence,version,bright_ti5,frp,daynight,type,year,month,day,dayofyear
31.10905,75.59521,355.95,0.37,0.58,2019-05-21,718,N,VIIRS,n,2,311.55,5.19,D,0,2019,5,21,141
13.52688,76.99916,340.08,0.41,0.37,2020-02-19,815,N,VIIRS,l,2,312.1,2.65,D,0,2020,2,19,50
17.85073,79.85256,346.55,0.49,0.49,2022-05-07,727,N,VIIRS,n,2,305.16,6.51,D,0,2022,5,7,127
22.91168,75.45427,307.14,0.4,0.44,2021-04-01,2015,N,VIIRS,n,2,287.3,1.07,N,0,2021,4,1,91
22.79082,86.19939,312.84,0.57,0.43,2014-10-07,2024,N,VIIRS,n,2,291.89,2.03,N,2,2014,10,7,280
31.05477,75.15997,328.25,0.6,0.7,2016-11-04,859,N,VIIRS,n,2,294.38,7.53,D,0,2016,11,4,309
22.04942,92.93799,356.67,0.65,0.73,2014-03-18,757,N,VIIRS,l,2,301.58,16.38,D,0,2014,3,18,77
18.16618,82.16687,345.09,0.48,0.48,2019-03-31,810,N,VIIRS,n,2,301.77,6.51,D,0,2019,3,31,90
23.7878,86.9315,307.12,0.42,0.38,2013-02-13,1942,N,VIIRS,n,2,290.39,1.05,N,2,2013,2,13,44
18.36564,82.21562,349.39,0.43,0.38,2013-04-17,733,N,VIIRS,l,2,314.63,51.41,D,0,2013,4,17,107
22.31122,92.59605,345.54,0.42,0.37,2023-04-09,711,N,VIIRS,n,2,308.46,14.52,D,0,2023,4,9,99
26.64162,79.48151,335.26,0.4,0.37,2022-03-08,755,N,VIIRS,l,2,309.21,5.51,D,2,2022,3,8,67
29.75934,78.97339,300.56,0.44,0.62,2022-04-22,2116,N,VIIRS,n,2,288.14,1.35,N,0,2022,4,22,112
29.50643,75.25049,338.96,0.55,0.51,2018-10-19,731,N,VIIRS,n,2,299.04,6.31,D,0,2018,10,19,292
29.97343,80.61803,295.29,0.47,0.4,2018-01-14,2007,N,VIIRS,n,2,279.76,0.73,N,0,2018,1,14,14
23.6999,93.24381,345.34,0.45,0.47,2022-03-15,722,N,VIIRS,n,2,301.78,25.81,D,0,2022,3,15,74
31.34694,74.64281,334.54,0.48,0.4,2020-10-16,821,N,VIIRS,n,2,303.14,3.92,D,0,2020,10,16,290
23.41339,77.1795,344.32,0.57,0.52,2023-04-24,731,N,VIIRS,n,2,316.59,12.83,D,0,2023,4,24,114
16.84131,81.7415,336.43,0.49,0.49,2022-05-18,720,N,VIIRS,n,2,294.69,5.08,D,0,2022,5,18,138
17.9682,82.16631,335.26,0.47,0.39,2019-04-06,758,N,VIIRS,l,2,308.54,2.69,D,0,2019,4,6,96
12.93484,79.93799,330.32,0.49,0.65,2016-03-25,714,N,VIIRS,l,2,301.8,2.09,D,0,2016,3,25,85
28.27936,81.18146,317.1,0.38,0.36,2016-04-24,2021,N,VIIRS,n,2,293.01,1.65,N,0,2016,4,24,115
14.46114,78.59855,351.46,0.54,0.68,2013-03-28,847,N,VIIRS,n,2,315.15,8.46,D,0,2013,3,28,87
19.48542,78.19205,302.84,0.52,0.41,2021-03-04,2041,N,VIIRS,n,2,290.83,0.9,N,0,2021,3,4,63
25.66228,92.99841,339.29,0.47,0.4,2014-03-31,714,N,VIIRS,n,2,304.9,7.36,D,0,2014,3,31,90
30.55133,75.50705,333.29,0.4,0.37,2012-11-01,806,N,VIIRS,n,2,301.42,2.26,D,0,2012,11,1,306
27.37767,80.54684,334.47,0.41,0.37,2015-03-06,742,N,VIIRS,n,2,298.45,2.2,D,0,2015,3,6,65
29.44286,76.58589,348.76,0.47,0.48,2023-05-10,732,N,VIIRS,n,2,319.86,8.21,D,0,2023,5,10,130
26.79314,94.68959,304.17,0.34,0.56,2021-01-05,1845,N,VIIRS,n,2,282.65,0.47,N,2,2021,1,5,5
18.25287,83.80859,334.12,0.39,0.36,2022-03-25,733,N,VIIRS,n,2,302.67,1.31,D,0,2022,3,25,84
18.93569,83.07464,335.37,0.44,0.39,2016-03-07,753,N,VIIRS,l,2,309.93,15.48,D,0,2016,3,7,67
23.68679,78.30775,367.0,0.39,0.36,2017-04-16,800,N,VIIRS,l,2,325.55,2.65,D,0,2017,4,16,106
29.49362,80.06444,300.52,0.4,0.44,2017-04-12,2000,N,VIIRS,n,2,288.14,0.49,N,0,2017,4,12,102
24.56185,77.43507,309.17,0.37,0.58,2023-04-20,2114,N,VIIRS,n,2,289.68,0.82,N,0,2023,4,20,110
22.81127,76.52912,332.53,0.49,0.65,2024-01-22,851,N,VIIRS,n,2,299.41,9.48,D,0,2024,1,22,22
30.29865,75.84939,333.9,0.4,0.37,2022-12-15,809,N,VIIRS,n,2,299.24,2.38,D,0,2022,12,15,349
19.22167,83.11962,340.2,0.45,0.47,2018-11-10,715,N,VIIRS,n,2,301.75,2.0,D,0,2018,11,10,314
21.38776,80.66575,339.02,0.51,0.41,2015-05-02,810,N,VIIRS,l,2,312.8,5.02,D,0,2015,5,2,122
18.86037,72.92697,306.99,0.41,0.45,2016-04-08,2024,N,VIIRS,n,2,295.09,0.97,N,2,2016,4,8,99
21.111,81.51408,350.25,0.47,0.48,2021-01-15,811,N,VIIRS,n,2,307.48,9.28,D,0,2021,1,15,15
19.65793,77.78655,306.38,0.5,0.49,2014-04-12,2059,N,VIIRS,n,2,294.09,1.42,N,0,2014,4,12,102
30.16862,74.80353,333.96,0.42,0.37,2023-11-22,756,N,VIIRS,l,2,304.5,6.5,D,0,2023,11,22,326
25.15492,84.07045,334.85,0.48,0.48,2024-12-18,704,N,VIIRS,n,2,299.66,5.47,D,0,2024,12,18,353
22.7194,75.20458,337.15,0.5,0.66,2019-03-18,856,N,VIIRS,l,2,310.41,1.58,D,0,2019,3,18,77
24.41395,73.89431,302.15,0.36,0.57,2020-04-21,2124,N,VIIRS,n,2,290.74,0.42,N,0,2020,4,21,112
18.69603,73.88419,349.95,0.46,0.39,2024-03-11,830,N,VIIRS,n,2,316.76,9.44,D,0,2024,3,11,71
30.37931,75.90588,338.53,0.43,0.46,2023-05-07,829,N,VIIRS,l,2,310.58,3.06,D,0,2023,5,7,127
21.8744,83.11343,332.91,0.51,0.5,2015-03-18,715,N,VIIRS,n,2,299.77,4.41,D,0,2015,3,18,77
18.22802,73.50952,352.28,0.42,0.37,2016-03-22,812,N,VIIRS,l,2,316.9,9.2,D,0,2016,3,22,82
30.44679,76.90357,329.2,0.48,0.65,2023-09-27,847,N,VIIRS,l,2,299.42,3.48,D,0,2023,9,27,270
24.57287,76.91422,317.58,0.44,0.38,2013-04-16,2021,N,VIIRS,n,2,295.92,1.57,N,0,2013,4,16,106
21.06044,79.72487,339.59,0.46,0.64,2017-05-16,837,N,VIIRS,n,2,303.9,3.68,D,0,2017,5,16,136
20.63252,83.9451,331.77,0.33,0.55,2015-04-05,817,N,VIIRS,l,2,306.01,1.54,D,0,2015,4,5,95
23.77543,86.38874,299.69,0.56,0.69,2020-05-09,2046,N,VIIRS,n,2,280.81,0.86,N,2,2020,5,9,130
21.81087,82.76049,332.6,0.43,0.46,2022-12-23,716,N,VIIRS,l,2,303.09,3.98,D,0,2022,12,23,357
24.20369,82.71877,331.17,0.62,0.54,2014-12-30,820,N,VIIRS,n,2,300.03,6.78,D,2,2014,12,30,364
26.73858,83.55788,340.47,0.38,0.58,2017-11-20,814,N,VIIRS,n,2,298.49,3.43,D,0,2017,11,20,324
25.15384,94.47547,328.25,0.45,0.39,2016-02-08,640,N,VIIRS,n,2,289.75,5.31,D,0,2016,2,8,39
24.92312,93.52751,367.0,0.39,0.59,2023-03-11,615,N,VIIRS,h,2,296.73,12.54,D,0,2023,3,11,70
20.61444,75.06152,305.37,0.48,0.4,2024-04-30,2023,N,VIIRS,n,2,293.4,0.81,N,0,2024,4,30,121
19.79052,76.33132,341.03,0.47,0.48,2020-03-24,740,N,VIIRS,n,2,310.77,6.2,D,0,2020,3,24,84
15.21473,78.78722,312.86,0.44,0.38,2023-02-28,2031,N,VIIRS,n,2,291.7,1.07,N,0,2023,2,28,59
22.45207,82.33617,316.36,0.44,0.38,2016-03-23,2022,N,VIIRS,n,2,295.75,2.73,N,0,2016,3,23,83
22.24222,77.15894,299.15,0.32,0.55,2021-03-24,2105,N,VIIRS,n,2,288.07,0.32,N,0,2021,3,24,83
20.07457,77.86662,339.1,0.38,0.58,2018-03-20,721,N,VIIRS,n,2,307.68,3.48,D,0,2018,3,20,79
25.2212,91.29475,304.1,0.43,0.46,2018-03-06,1911,N,VIIRS,n,2,291.53,1.86,N,0,2018,3,6,65
19.49332,83.85285,342.54,0.63,0.54,2012-04-05,701,N,VIIRS,n,2,302.47,26.4,D,0,2012,4,5,96
18.12168,79.94903,309.21,0.4,0.37,2016-02-20,2024,N,VIIRS,n,2,295.91,1.46,N,0,2016,2,20,51
30.51587,75.25025,331.51,0.74,0.76,2017-04-30,659,N,VIIRS,n,2,300.42,6.66,D,0,2017,4,30,120
24.34187,86.39977,338.47,0.34,0.56,2013-04-05,759,N,VIIRS,n,2,307.97,6.21,D,0,2013,4,5,95
30.79021,76.41586,346.77,0.51,0.66,2016-05-02,707,N,VIIRS,n,2,315.74,4.32,D,0,2016,5,2,123
22.02167,83.74989,299.3,0.53,0.67,2024-01-02,2053,N,VIIRS,n,2,287.5,1.17,N,0,2024,1,2,2
25.20909,93.03459,331.06,0.39,0.36,2024-04-12,651,N,VIIRS,n,2,300.59,3.19,D,0,2024,4,12,103
27.6114,77.4944,333.28,0.62,0.71,2016-10-30,852,N,VIIRS,n,2,300.02,6.98,D,0,2016,10,30,304
31.98105,75.22554,335.04,0.45,0.39,2012-11-06,813,N,VIIRS,n,2,301.13,3.45,D,0,2012,11,6,311
21.71598,76.91567,353.22,0.4,0.44,2012-03-21,824,N,VIIRS,n,2,319.73,6.17,D,0,2012,3,21,81
28.20244,79.98651,329.74,0.47,0.48,2022-10-17,815,N,VIIRS,n,2,300.39,2.55,D,0,2022,10,17,290
16.19007,80.75409,333.16,0.46,0.64,2024-01-06,708,N,VIIRS,n,2,296.44,2.97,D,0,2024,1,6,6
21.06549,73.2806,332.12,0.68,0.74,2012-04-04,721,N,VIIRS,n,2,301.68,2.86,D,0,2012,4,4,95
30.8051,78.24352,367.0,0.33,0.55,2022-04-22,712,N,VIIRS,h,2,300.06,13.16,D,0,2022,4,22,112
19.20214,79.11933,349.8,0.43,0.38,2021-04-01,745,N,VIIRS,l,2,315.36,7.32,D,0,2021,4,1,91
19.31288,78.16685,319.04,0.41,0.37,2018-03-24,2016,N,VIIRS,n,2,296.18,1.83,N,0,2018,3,24,83
30.62779,77.81827,330.31,0.69,0.74,2024-05-29,852,N,VIIRS,l,2,302.49,4.91,D,0,2024,5,29,150
22.79603,86.20553,304.78,0.41,0.45,2013-05-26,1931,N,VIIRS,n,2,277.8,2.22,N,2,2013,5,26,146
17.69387,83.24288,306.28,0.41,0.37,2021-10-21,2011,N,VIIRS,n,2,289.3,1.61,N,2,2021,10,21,294
21.82695,77.22646,340.77,0.42,0.37,2020-05-21,753,N,VIIRS,l,2,312.42,4.56,D,0,2020,5,21,142
13.94723,79.0928,350.55,0.44,0.38,2012-03-11,809,N,VIIRS,n,2,312.71,7.56,D,0,2012,3,11,71
30.469,76.75476,336.51,0.61,0.53,2020-05-19,833,N,VIIRS,l,2,311.16,7.57,D,0,2020,5,19,140
24.59523,79.26694,346.32,0.39,0.44,2013-05-17,812,N,VIIRS,l,2,319.95,5.69,D,0,2013,5,17,137
23.7851,86.33834,300.97,0.36,0.57,2015-03-15,2039,N,VIIRS,n,2,288.92,1.52,N,2,2015,3,15,74
21.10655,72.64713,337.3,0.39,0.36,2015-02-10,831,N,VIIRS,n,2,307.69,2.23,D,2,2015,2,10,41
24.22246,82.98246,303.25,0.4,0.37,2018-03-30,2002,N,VIIRS,n,2,292.33,0.35,N,0,2018,3,30,89
29.92436,75.06035,331.79,0.4,0.44,2021-11-09,828,N,VIIRS,n,2,300.94,3.72,D,0,2021,11,9,313
22.18492,85.17961,305.46,0.47,0.4,2014-04-05,1948,N,VIIRS,n,2,293.72,1.14,N,0,2014,4,5,95
23.65912,86.44402,302.12,0.52,0.67,2015-05-28,1910,N,VIIRS,n,2,282.25,1.14,N,2,2015,5,28,148
19.1441,79.144,338.41,0.52,0.67,2015-05-21,713,N,VIIRS,n,2,305.89,3.28,D,0,2015,5,21,141
31.25027,76.93047,305.74,0.41,0.45,2014-08-12,2111,N,VIIRS,n,2,288.93,0.42,N,2,2014,8,12,224
15.17225,74.73826,345.45,0.4,0.37,2023-02-16,824,N,VIIRS,n,2,312.59,4.09,D,0,2023,2,16,47
30.3207,75.01229,338.07,0.42,0.38,2019-05-18,814,N,VIIRS,n,2,305.57,3.11,D,0,2019,5,18,138
20.67476,79.9809,305.02,0.39,0.36,2022-04-25,2022,N,VIIRS,n,2,294.74,0.53,N,0,2022,4,25,115
